[
  {
    "id": 1,
    "priority": 1,
    "action": {
      "type": "modifyHeaders",
      "requestHeaders": [
        {
          "header": "Referer",
          "operation": "set",
          "value": "https://www.letskorail.com/korail/ebizbt/w_login.do"
        }
      ]
    },
    "condition": {
      "urlFilter": "*sw_hc14111_i1Svt.do",
      "resourceTypes": [
        "main_frame", "sub_frame",
        "stylesheet", "script", "image", "font", "object", "xmlhttprequest", "other"
      ]
    }
  }
]