[
  {
    "id": 2,
    "priority": 2,
    "action": {
      "type": "modifyHeaders",
      "requestHeaders": [
        {
          "header": "Referer",
          "operation": "set",
          "value": "https://etk.srail.kr/hpg/hbt/06/selectBtLoginForm.do"
        }
      ]
    },
    "condition": {
      "urlFilter": "https://etk.srail.kr/hpg/hbt/06/selectBtLoginInfo.do",
      "resourceTypes": [
        "main_frame", "sub_frame",
        "stylesheet", "script", "image", "font", "object", "xmlhttprequest", "other"
      ]
    }
  }
]